,MSE,FID,TVI,TVA,LBP,HOG
0,0.037988726049661636,6.451447916333564e-06,169.7611083984375,15.740184783935547,929702.0,133.014892578125
1,0.03279519081115723,6.9427887865458615e-06,276.2274475097656,15.983285903930664,978337.0,130.56649780273438
2,0.03997530788183212,6.343932000163477e-06,167.0637969970703,14.438375473022461,896021.0,141.10646057128906
3,0.040176063776016235,6.846817086625379e-06,220.928955078125,15.651108741760254,947036.0,141.41749572753906
4,0.04701630398631096,6.062115971872117e-06,55.388038635253906,13.85973072052002,641473.0,156.22671508789062
5,0.04154570773243904,6.253038918657694e-06,122.72557067871094,14.684235572814941,898123.0,155.00408935546875
6,0.045638155192136765,6.1648588598473e-06,96.10858917236328,14.887133598327637,783000.0,159.38284301757812
7,0.0470893420279026,6.045859208825277e-06,76.19996643066406,14.336050987243652,734260.0,158.17730712890625
8,0.05021367222070694,6.7304067670193035e-06,196.8608856201172,16.149629592895508,969042.0,154.63555908203125
