,MSE,FID,TVI,TVA,LBP,HOG
0,0.022688083350658417,1.1585606443986762e-05,675.4716796875,13.493245124816895,1051200.0,119.67476654052734
1,0.027857115492224693,9.558119927532971e-06,676.5435791015625,22.445571899414062,1103917.0,128.9812469482422
2,0.02760055661201477,1.0023020877270028e-05,552.7789916992188,17.763647079467773,1098548.0,137.57862854003906
